<?xml version="1.0" encoding="UTF-8"?>
<beans xmlns="http://www.springframework.org/schema/beans"
	xmlns:xsi="http://www.w3.org/2001/XMLSchema-instance"
	xmlns:context="http://www.springframework.org/schema/context"
	xsi:schemaLocation="http://www.springframework.org/schema/beans http://www.springframework.org/schema/beans/spring-beans-3.1.xsd
		http://www.springframework.org/schema/context http://www.springframework.org/schema/context/spring-context-3.1.xsd">
<bean id="cust" class="org.cap.demo.Customer" 
	init-method="customer_init" destroy-method="customer_destroy"
	scope="prototype">
 <property name="customerId" value="8900"/>
<property name="custName" value="Kamal"/>
<property name="regFees" value="56000"/>

<!-- <constructor-arg name="customerId" value="1122"/>
<constructor-arg name="custName" value="Jack"/>
<constructor-arg name="regFees" value="12000"/> -->

</bean>

<bean id="myAdd" class="org.cap.demo.Address">
<property name="doorNo" value="123/A"/>
<property name="streetName" value="South Avvenue"/>
<property name="city" value="Pune"/>
</bean>

<!-- <bean id="custAddress" class="org.cap.demo.Address">
<property name="doorNo" value="34/C"/>
<property name="streetName" value="North Avvenue"/>
<property name="city" value="hyderabad"/>
</bean> -->


<bean id="beanPostProcess" class="org.cap.demo.MyBeanPOstProcessor"/>

</beans>
