<?xml version="1.0" encoding="UTF-8"?>
<beans xmlns="http://www.springframework.org/schema/beans"
	xmlns:xsi="http://www.w3.org/2001/XMLSchema-instance"
	xmlns:context="http://www.springframework.org/schema/context"
	xsi:schemaLocation="http://www.springframework.org/schema/beans http://www.springframework.org/schema/beans/spring-beans-3.1.xsd
		http://www.springframework.org/schema/context http://www.springframework.org/schema/context/spring-context-3.1.xsd">

<context:annotation-config/>

<bean id="cust" class="org.cap.demo.Customer" >
 <property name="customerId" value="8900"/>
<property name="custName" value="Kamal"/>
<property name="regFees" value="56000"/>
</bean>


<bean id="myAdd" class="org.cap.demo.Address">
<property name="doorNo" value="123/A"/>
<property name="streetName" value="South Avvenue"/>
<property name="city" value="Pune"/>
</bean>

<bean id="custAddress1" class="org.cap.demo.Address">
<property name="doorNo" value="190/AA"/>
<property name="streetName" value="West Avvenue"/>
<property name="city" value="Chennai"/>
</bean>
</beans>
