<?xml version="1.0" encoding="UTF-8"?>
<beans xmlns="http://www.springframework.org/schema/beans"
	xmlns:xsi="http://www.w3.org/2001/XMLSchema-instance"
	xmlns:context="http://www.springframework.org/schema/context"
	xsi:schemaLocation="http://www.springframework.org/schema/beans http://www.springframework.org/schema/beans/spring-beans-3.1.xsd
		http://www.springframework.org/schema/context http://www.springframework.org/schema/context/spring-context-3.1.xsd">
<bean id="cust" class="org.cap.demo.Customer">
<!-- <property name="customerId" value="1001"/>
<property name="custName" value="Jack"/> -->
<property name="regFees" value="34000"/>
<property name="custAddress" ref="custAdd"/>

<constructor-arg name="customerId" value="1234"/>
<!-- <constructor-arg name="regFees" value="23000"/> -->
<constructor-arg name="custName" value="Tom"/>
<!-- <constructor-arg name="custAddress" ref="custAdd"/> -->

</bean>

<bean id="custAdd" class="org.cap.demo.Address">
<property name="doorNo" value="12/A"/>
<property name="streetName" value="North Car Street"/>
<property name="city" value="Chennai"/>
</bean>

</beans>
