<?xml version="1.0" encoding="UTF-8"?>
<beans xmlns="http://www.springframework.org/schema/beans"
	xmlns:xsi="http://www.w3.org/2001/XMLSchema-instance"
	xmlns:context="http://www.springframework.org/schema/context"
	xsi:schemaLocation="http://www.springframework.org/schema/beans http://www.springframework.org/schema/beans/spring-beans-3.1.xsd
		http://www.springframework.org/schema/context http://www.springframework.org/schema/context/spring-context-3.1.xsd">
<bean id="collDemo" class="com.capgemini.demo.CollectionDemo">
	<property name="names">
		<list>
			<value>Tom</value>
			<value>Jerry</value>
			<value>Jack</value>
			
		</list>
	</property>
	<property name="addresses">
		<list>
			<ref bean="add"/>
			<ref bean="add1"/>
		</list>
	
	</property>
	
	<property name="fruits">
		<set>
			<value>Apple</value>
			<value>Apple</value>
			<value>Orange</value>
			<value>Apple</value>
			<value>Orange</value>
		
		</set>
	</property>
	
	<property name="maps">
		<map>
			<entry key="1" value="One"/>
			<entry key="2" value="Two"/>
			<entry key="3" value="Three"/>
			<!-- <entry key-ref="" value-ref=""></entry> -->
		</map>
	
	</property>
	
	
	<property name="properties">
		<props>
			<prop key="tom">tom Jerry</prop>
			<prop key="jack">Jack thomson</prop>
		</props>
	
	</property>
	
</bean>

<bean id="add" class="com.capgemini.demo.Address">
	<property name="doorNo" value="12/A"/>
	<property name="streetName" value="north car str"/>
	<property name="city" value="Chennai"/>
</bean>

<bean id="add1" class="com.capgemini.demo.Address">
	<property name="doorNo" value="12/B"/>
	<property name="streetName" value="north car str"/>
	<property name="city" value="Hyderabad"/>
</bean>







</beans>
