<?xml version="1.0" encoding="UTF-8"?>
<beans xmlns="http://www.springframework.org/schema/beans"
	xmlns:xsi="http://www.w3.org/2001/XMLSchema-instance"
	xmlns:context="http://www.springframework.org/schema/context"
	xmlns:mvc="http://www.springframework.org/schema/mvc"
	xsi:schemaLocation="http://www.springframework.org/schema/mvc http://www.springframework.org/schema/mvc/spring-mvc-3.1.xsd
		http://www.springframework.org/schema/beans http://www.springframework.org/schema/beans/spring-beans-3.1.xsd
		http://www.springframework.org/schema/context http://www.springframework.org/schema/context/spring-context-3.1.xsd">
<context:annotation-config/>
<context:component-scan base-package="org.cap"/>
<mvc:annotation-driven/>

<bean id="viewResolver" 
 class="org.springframework.web.servlet.view.InternalResourceViewResolver">
	<property name="viewClass" 
	value="org.springframework.web.servlet.view.JstlView"/>
	<property name="prefix" value="/WEB-INF/pages/"/>
	<property name="suffix" value=".jsp"/>

</bean>


 
<bean id="dataSource" 
class="org.springframework.jdbc.datasource.DriverManagerDataSource">
<property name="driverClassName" value="com.mysql.jdbc.Driver"/>
<property name="url" value="jdbc:mysql://localhost:3306/springDb"/>
<property name="username" value="root"/>
<property name="password" value="admin"/>

</bean>


</beans>
